{"cameraMode":{"drawMode":0,"name":"Shaded","section":"Shading Mode"},"sceneLighting":true,"audioPlay":false,"sceneViewState":{"showFog":true,"showMaterialUpdate":false,"showSkybox":true,"showFlares":true,"showImageEffects":true,"showParticleSystems":true},"in2DMode":false,"pivot":{"x":1.6877869367599488,"y":7.031998634338379,"z":-14.55738353729248},"rotation":{"x":-0.1582922637462616,"y":-0.40239590406417849,"z":0.07086089253425598,"w":-0.8988925814628601},"size":4.807394981384277,"orthographic":false}