{"cameraMode":{"drawMode":0,"name":"Shaded","section":"Shading Mode"},"sceneLighting":true,"audioPlay":false,"sceneViewState":{"showFog":true,"showMaterialUpdate":true,"showSkybox":true,"showFlares":true,"showImageEffects":true,"showParticleSystems":true},"in2DMode":false,"pivot":{"x":21.6299991607666,"y":0.7099999785423279,"z":24.030000686645509},"rotation":{"x":-0.10730019956827164,"y":-0.8913692831993103,"z":0.2845475375652313,"w":-0.33612677454948428},"size":0.46368101239204409,"orthographic":false}