{"cameraMode":{"drawMode":0,"name":"Shaded","section":"Shading Mode"},"sceneLighting":true,"audioPlay":false,"sceneViewState":{"showFog":true,"showMaterialUpdate":false,"showSkybox":true,"showFlares":true,"showImageEffects":true,"showParticleSystems":true},"in2DMode":false,"pivot":{"x":49.989036560058597,"y":14.513081550598145,"z":9.226947784423829},"rotation":{"x":0.09392479062080383,"y":0.709242045879364,"z":-0.09854721277952194,"w":0.6921647787094116},"size":15.372628211975098,"orthographic":false}