{"cameraMode":{"drawMode":0,"name":"Shaded","section":"Shading Mode"},"sceneLighting":true,"audioPlay":false,"sceneViewState":{"showFog":true,"showMaterialUpdate":false,"showSkybox":true,"showFlares":true,"showImageEffects":true,"showParticleSystems":true},"in2DMode":false,"pivot":{"x":10.0,"y":1.274564504623413,"z":10.225000381469727},"rotation":{"x":0.0037379274144768717,"y":0.7468109130859375,"z":0.0042937761172652248,"w":-0.6650006771087647},"size":5.270635604858398,"orthographic":false}