{"cameraMode":{"drawMode":0,"name":"Shaded","section":"Shading Mode"},"sceneLighting":true,"audioPlay":false,"sceneViewState":{"showFog":true,"showMaterialUpdate":false,"showSkybox":true,"showFlares":true,"showImageEffects":true,"showParticleSystems":true},"in2DMode":false,"pivot":{"x":-15.538324356079102,"y":-3.2994232177734377,"z":-18.419326782226564},"rotation":{"x":0.03719644248485565,"y":0.9566777348518372,"z":-0.2524431347846985,"w":0.140738382935524},"size":94.75944519042969,"orthographic":false}