{"cameraMode":{"drawMode":0,"name":"Shaded","section":"Shading Mode"},"sceneLighting":true,"audioPlay":false,"sceneViewState":{"showFog":true,"showMaterialUpdate":false,"showSkybox":true,"showFlares":true,"showImageEffects":true,"showParticleSystems":true},"in2DMode":false,"pivot":{"x":-20.49913787841797,"y":-37.394020080566409,"z":72.85974884033203},"rotation":{"x":0.23855486512184144,"y":-0.3710385262966156,"z":0.099161297082901,"w":0.89195716381073},"size":57.910240173339847,"orthographic":false}