{"cameraMode":{"drawMode":0,"name":"Shaded","section":"Shading Mode"},"sceneLighting":true,"audioPlay":false,"sceneViewState":{"showFog":true,"showMaterialUpdate":false,"showSkybox":true,"showFlares":true,"showImageEffects":true,"showParticleSystems":true},"in2DMode":false,"pivot":{"x":767.5782470703125,"y":-152.53839111328126,"z":150.70590209960938},"rotation":{"x":-0.08557876944541931,"y":-0.6310046315193176,"z":0.07033530622720719,"w":-0.7678391933441162},"size":376.8318786621094,"orthographic":false}