{"cameraMode":{"drawMode":0,"name":"Shaded","section":"Shading Mode"},"sceneLighting":true,"audioPlay":false,"sceneViewState":{"showFog":true,"showMaterialUpdate":false,"showSkybox":true,"showFlares":true,"showImageEffects":true,"showParticleSystems":true},"in2DMode":false,"pivot":{"x":25.27324676513672,"y":-1.149626612663269,"z":15.982954978942871},"rotation":{"x":0.07136591523885727,"y":-0.6768714189529419,"z":0.06620524078607559,"w":0.7296406626701355},"size":8.284242630004883,"orthographic":false}