{"cameraMode":{"drawMode":0,"name":"Shaded","section":"Shading Mode"},"sceneLighting":true,"audioPlay":false,"sceneViewState":{"showFog":true,"showMaterialUpdate":false,"showSkybox":true,"showFlares":true,"showImageEffects":true,"showParticleSystems":true},"in2DMode":false,"pivot":{"x":-25.47284698486328,"y":-29.090084075927736,"z":42.549835205078128},"rotation":{"x":0.14085710048675538,"y":-0.7126729488372803,"z":0.14966727793216706,"w":0.6707221269607544},"size":40.48527145385742,"orthographic":false}