{"cameraMode":{"drawMode":0,"name":"Shaded","section":"Shading Mode"},"sceneLighting":true,"audioPlay":false,"sceneViewState":{"showFog":true,"showMaterialUpdate":true,"showSkybox":true,"showFlares":true,"showImageEffects":true,"showParticleSystems":true},"in2DMode":false,"pivot":{"x":21.6299991607666,"y":0.7099999785423279,"z":24.030000686645509},"rotation":{"x":0.005335334688425064,"y":0.9915063977241516,"z":-0.043157752603292468,"w":0.12257403880357743},"size":0.46368101239204409,"orthographic":false}